category,avg_spent_per_category
"Pet Supplies",82.60285114325741
Beauty,134.27760328581743
Automotive,644.1824748905509
Books,70.3059478127399
Electronics,1285.7570873283223
Toys,90.70182823529424
"Home & Kitchen",292.38442178626684
Groceries,25.168400900900853
Clothing,171.23160404624275
Sports,258.38394736842093
