event_type,avg_per_event_type
purchase,272.81187909507724
view,267.09501096784174
cart,266.15098079464104
wishlist,263.77658389935345
